0.0314144713	,	0.2716839264	,	0.3634064591	,	-0.0602257361	,	0.1073661209	,	0.2303925271	,	0.1698244419	,	0.0627037923	,	-0.1263839943	,	-0.0881481515	,	0.0285841728	,	0.0215997797	,	0.0324227008	,	0.0388754766	,	0.0298134077	,	0.0461941446	,	0.0472276589	,	0.0140744211	,	0.0304690205	,	0.0270118353	,	1
0.0209615466	,	0.2732486388	,	0.3608794435	,	-0.0659970954	,	0.1061208509	,	0.2302245812	,	0.1621699644	,	0.0564292799	,	-0.1206427446	,	-0.0924559455	,	0.00351631	,	0.003749894	,	0.00523677	,	0.0065695567	,	0.0024539315	,	0.0057617555	,	0.0041981066	,	0.0035946938	,	0.0036348682	,	0.0040389662	,	1
0.0162319273	,	0.2236250113	,	0.3851998041	,	-0.0753841584	,	0.1044698273	,	0.2232387972	,	0.1660624393	,	0.0503788125	,	-0.1196130169	,	-0.0979668648	,	0.041485403	,	0.0521060493	,	0.0416336728	,	0.0567367938	,	0.0126250239	,	0.0380606656	,	0.0163696945	,	0.0389422868	,	0.0521671687	,	0.0314512401	,	1
0.0255284917	,	0.271578615	,	0.3613837163	,	-0.0619555872	,	0.1057910406	,	0.2296744131	,	0.1879320312	,	0.0484641543	,	-0.1161707657	,	-0.0932187486	,	0.004442086	,	0.0048069432	,	0.0050158393	,	0.0063567589	,	0.0022889388	,	0.0048344084	,	0.0037634996	,	0.0035204942	,	0.0055616578	,	0.0041202238	,	1
0.0294189279	,	0.272112497	,	0.3610951032	,	-0.0641901082	,	0.1057423187	,	0.2299678361	,	0.1940728451	,	0.0493343632	,	-0.1176428739	,	-0.0922130837	,	0.0035409231	,	0.0028614354	,	0.0047824586	,	0.0050236123	,	0.0015103247	,	0.0035949081	,	0.0013808113	,	0.0032123205	,	0.0045577833	,	0.0040427004	,	1
0.0300137281	,	0.2709150016	,	0.3619984908	,	-0.0638490498	,	0.1056056211	,	0.229906835	,	0.1940347159	,	0.0497679579	,	-0.1184313378	,	-0.091900627	,	0.002707219	,	0.0023735316	,	0.0041017844	,	0.0044011405	,	0.001422509	,	0.003104764	,	0.0013780771	,	0.0024270392	,	0.0038721407	,	0.003449577	,	1
0.032045669	,	0.2699427788	,	0.3621303593	,	-0.0641793852	,	0.1057827559	,	0.2298570303	,	0.1973852486	,	0.0502703618	,	-0.1177140832	,	-0.0924433177	,	0.0040507995	,	0.0034865431	,	0.0053558339	,	0.0049440829	,	0.0016513823	,	0.0039802379	,	0.0019494512	,	0.0036246201	,	0.0056845316	,	0.0046163265	,	1
0.0312906084	,	0.2695346593	,	0.3626570685	,	-0.0637473549	,	0.1057496171	,	0.229631944	,	0.1956489616	,	0.0503026195	,	-0.1181373338	,	-0.0924821899	,	0.0028249468	,	0.0028842683	,	0.004470588	,	0.0048176087	,	0.0012970238	,	0.0032339442	,	0.0009016997	,	0.0025632454	,	0.0048344488	,	0.003930115	,	1
0.0316837378	,	0.2694911606	,	0.362484145	,	-0.0640109316	,	0.1058212207	,	0.2300612682	,	0.1981419091	,	0.0495857766	,	-0.1181059845	,	-0.0921961654	,	0.0030788309	,	0.0025802282	,	0.0039095169	,	0.0044620301	,	0.0014041127	,	0.0030271605	,	0.00103156	,	0.0027318992	,	0.0042422235	,	0.0034793791	,	1
0.0313979437	,	0.2699713189	,	0.3620186379	,	-0.0639825676	,	0.1058760575	,	0.2297917823	,	0.1964644351	,	0.0500510766	,	-0.1175828696	,	-0.0926928704	,	0.0028560137	,	0.0025657795	,	0.0041889921	,	0.004387291	,	0.001351533	,	0.0030147999	,	0.0009181314	,	0.002523884	,	0.0042735921	,	0.0037550472	,	1
0.0318857803	,	0.2690615207	,	0.3631836262	,	-0.0639915611	,	0.105721607	,	0.2296500899	,	0.197640929	,	0.0500134674	,	-0.117589721	,	-0.0922977938	,	0.0027614589	,	0.0024394717	,	0.004128345	,	0.0042889766	,	0.0012250751	,	0.0030403962	,	0.0012272239	,	0.0025417288	,	0.0041458979	,	0.0036656909	,	1
0.031642512	,	0.2692577974	,	0.3627591753	,	-0.0642374966	,	0.1057900543	,	0.2302222647	,	0.1971720921	,	0.0499854706	,	-0.1179428786	,	-0.092303632	,	0.0023820185	,	0.0023517928	,	0.0037752039	,	0.0039351156	,	0.0013408628	,	0.0025299361	,	0.0009506662	,	0.0021867693	,	0.0038187634	,	0.0033327592	,	1
0.0314770524	,	0.2690050503	,	0.3629432405	,	-0.0638538924	,	0.105765792	,	0.229962817	,	0.1962086429	,	0.0501948031	,	-0.118193556	,	-0.0924335115	,	0.0021663094	,	0.0020510242	,	0.0035398956	,	0.0039806672	,	0.0012250746	,	0.0023444896	,	0.0009086816	,	0.0019727524	,	0.0034037091	,	0.0032167506	,	1
0.0318079716	,	0.2684075219	,	0.3636740107	,	-0.0642589426	,	0.1058510061	,	0.2299361773	,	0.1964562503	,	0.0505144363	,	-0.1178776101	,	-0.0920938933	,	0.0025009307	,	0.0024393664	,	0.0042921346	,	0.0039325769	,	0.0011491176	,	0.0030461709	,	0.0009156876	,	0.0022921621	,	0.0042732557	,	0.0036187022	,	1
0.031454768	,	0.2685158855	,	0.3634298091	,	-0.0638085792	,	0.1056573018	,	0.2301577889	,	0.196809982	,	0.0499357452	,	-0.1176347542	,	-0.0923796335	,	0.0022169702	,	0.0022645362	,	0.0037545074	,	0.0036680619	,	0.0011686842	,	0.0024305134	,	0.0012807559	,	0.0020073602	,	0.0037420392	,	0.0033516035	,	1
0.0246763096	,	0.2689295004	,	0.364433015	,	-0.0654519553	,	0.1061926517	,	0.2279393565	,	0.1816988782	,	0.0507400239	,	-0.1194688797	,	-0.09165284	,	0.0090930144	,	0.0071139043	,	0.0112834485	,	0.013496429	,	0.0030629589	,	0.0080115349	,	0.0140517271	,	0.0061035283	,	0.0118281272	,	0.0097942797	,	1
0.0208971081	,	0.2718200683	,	0.3621497433	,	-0.0632340376	,	0.1063455242	,	0.2315198893	,	0.1701383082	,	0.0526208642	,	-0.1182230328	,	-0.0926199533	,	0.0071395341	,	0.0061043697	,	0.0106167512	,	0.0107903417	,	0.0030453978	,	0.0065231265	,	0.0073629844	,	0.0057877095	,	0.009900688	,	0.0088435476	,	1
0.0215023079	,	0.2766671388	,	0.3590787716	,	-0.0635456945	,	0.1063317163	,	0.230838453	,	0.1745549573	,	0.0511553669	,	-0.1179479367	,	-0.0919697132	,	0.0040912839	,	0.0052918433	,	0.0083235812	,	0.0094824355	,	0.0034407634	,	0.0055155254	,	0.0039248711	,	0.0034720286	,	0.0069599475	,	0.0067256625	,	1
0.0064501266	,	0.2946733963	,	0.3448084726	,	-0.05566676	,	0.1134670176	,	0.2352119998	,	0.1386156387	,	0.0535942403	,	-0.1193342281	,	-0.090753917	,	0.0369635939	,	0.0384017166	,	0.0404866948	,	0.0755025639	,	0.0472322601	,	0.0706651748	,	0.0478258921	,	0.0305009328	,	0.044435117	,	0.0238179913	,	1
-0.0333262885	,	0.3624974236	,	0.284487803	,	-0.0623371161	,	0.1051744219	,	0.2243229179	,	0.0602141832	,	0.0542555239	,	-0.1259149794	,	-0.0817948331	,	0.030344034	,	0.0150781764	,	0.016656379	,	0.0192457993	,	0.021794254	,	0.0362771081	,	0.0311735476	,	0.0213287808	,	0.0208303882	,	0.0140655777	,	1
-0.053890262	,	0.3682052988	,	0.2795778523	,	-0.0627553106	,	0.1057371901	,	0.2304944531	,	0.009723406	,	0.0581500525	,	-0.1281184976	,	-0.0795546606	,	0.0082449708	,	0.0042545201	,	0.005186381	,	0.0045769974	,	0.0035702706	,	0.0081243378	,	0.0053923718	,	0.0063189151	,	0.0063130368	,	0.0043179726	,	1
-0.0508462509	,	0.3698609756	,	0.2791012035	,	-0.064153097	,	0.10559852	,	0.2285567031	,	0.0149733356	,	0.058202463	,	-0.1256461732	,	-0.0801986152	,	0.0108422803	,	0.0051779529	,	0.0066949205	,	0.0062148575	,	0.0054137291	,	0.0098492488	,	0.0057956153	,	0.0088059954	,	0.0084131187	,	0.0058498789	,	1
-0.0505686278	,	0.3684342363	,	0.2792832855	,	-0.0643070228	,	0.1057245657	,	0.2299794186	,	0.0192155806	,	0.0569680431	,	-0.1253691976	,	-0.081283968	,	0.008370819	,	0.0039227971	,	0.0049144453	,	0.0045717267	,	0.004149593	,	0.0058698888	,	0.0079011498	,	0.0068721084	,	0.0063495221	,	0.0044289221	,	1
-0.0527266594	,	0.3746575273	,	0.27050444	,	-0.0584868912	,	0.1080060159	,	0.229679046	,	0.0169173725	,	0.0560433495	,	-0.125445079	,	-0.0813817233	,	0.0250930871	,	0.0136191228	,	0.0438929393	,	0.0317082425	,	0.0176485771	,	0.01608213	,	0.0070864679	,	0.0226216407	,	0.0178682948	,	0.0379117353	,	1
-0.0463576716	,	0.3848481574	,	0.2606537071	,	-0.0628704958	,	0.107056628	,	0.22946477	,	0.0269659345	,	0.0575938724	,	-0.123847954	,	-0.0783699815	,	0.0200538952	,	0.0113602492	,	0.0332845207	,	0.0315133927	,	0.0199902344	,	0.0202618029	,	0.0125527809	,	0.0163832378	,	0.0158440354	,	0.0257880311	,	1
-0.0127463447	,	0.2672956472	,	0.123844022	,	-0.0688709468	,	0.1052787183	,	0.2237448681	,	0.0800327984	,	0.0635319117	,	-0.1196378087	,	-0.0842799934	,	0.1381472412	,	0.2050697516	,	0.2940718617	,	0.0241918989	,	0.0166661364	,	0.0203769879	,	0.2534152137	,	0.0188677989	,	0.0199035921	,	0.0268447587	,	1
0.2630657173	,	-0.1354441472	,	-0.4603615906	,	-0.067390731	,	0.1080488202	,	0.2252877392	,	0.5888403818	,	0.0821017592	,	-0.0920310378	,	-0.0938793082	,	0.011828276	,	0.0124353658	,	0.007203849	,	0.0118413407	,	0.008883849	,	0.0164313046	,	0.0175901345	,	0.0082229426	,	0.0110745492	,	0.0062724224	,	1
0.2788620043	,	-0.1012152061	,	-0.4612692528	,	-0.0636024221	,	0.1042603425	,	0.2341321261	,	0.6230869783	,	0.0806538629	,	-0.0882970705	,	-0.0939538756	,	0.0212307419	,	0.019777864	,	0.0140065393	,	0.01974167	,	0.0163474381	,	0.0288730393	,	0.0210164513	,	0.0182176345	,	0.0260959288	,	0.0122328076	,	1
0.2720932013	,	-0.1005651758	,	-0.4630673319	,	-0.0662316163	,	0.1053973199	,	0.2260595189	,	0.6103039263	,	0.0805447838	,	-0.0877670321	,	-0.0932964692	,	0.009326864	,	0.0172576604	,	0.0038323608	,	0.0085612183	,	0.0041052436	,	0.0197264231	,	0.0099383043	,	0.0094319224	,	0.0113979243	,	0.0036443347	,	1
0.2086848475	,	-0.112710171	,	-0.4870329887	,	-0.0584332766	,	0.1015228391	,	0.236446307	,	0.4895209338	,	0.0777421486	,	-0.0904662256	,	-0.0954105498	,	0.0270185561	,	0.0158964234	,	0.0084076227	,	0.009400016	,	0.0085541363	,	0.0180415055	,	0.0452487499	,	0.0096109341	,	0.0131716005	,	0.0054328972	,	1
0.2005242158	,	-0.1193620323	,	-0.4888556408	,	-0.0624889665	,	0.1061782521	,	0.231089793	,	0.4787476935	,	0.075705161	,	-0.0908864569	,	-0.0958886612	,	0.0060179104	,	0.0031023302	,	0.0025882529	,	0.0031894068	,	0.0021971057	,	0.0054317199	,	0.0027688244	,	0.0053541458	,	0.0044098121	,	0.0022924238	,	1
0.1978267237	,	-0.1219754332	,	-0.4887607087	,	-0.0622042902	,	0.1056717014	,	0.2316561766	,	0.4731037984	,	0.0759096336	,	-0.0906558809	,	-0.0955831986	,	0.0030089111	,	0.0010924103	,	0.0011035755	,	0.0013549802	,	0.0009822336	,	0.0023791994	,	0.001537917	,	0.0027821344	,	0.0017103669	,	0.0009527815	,	1
0.2033526283	,	-0.1180451825	,	-0.4877837552	,	-0.0654235914	,	0.1080529626	,	0.2275111907	,	0.4843898806	,	0.075795798	,	-0.0917644087	,	-0.0955956361	,	0.0121864351	,	0.0097860621	,	0.0033686207	,	0.0057190482	,	0.0043126491	,	0.0067801827	,	0.0233391227	,	0.0042408044	,	0.0054601401	,	0.0021779063	,	1
0.2565676698	,	-0.0821770497	,	-0.4740320733	,	-0.0630998279	,	0.1069710194	,	0.2292068667	,	0.5870322238	,	0.0772904647	,	-0.0883365333	,	-0.0951075695	,	0.0087640866	,	0.0058780354	,	0.0037585781	,	0.005885363	,	0.0043807965	,	0.0090229404	,	0.0054743781	,	0.0073125027	,	0.0068817105	,	0.002957687	,	1
0.2607745388	,	-0.0857965564	,	-0.4717665048	,	-0.0630797658	,	0.1056943857	,	0.2304987001	,	0.5869733648	,	0.0812173097	,	-0.0858302949	,	-0.0938640849	,	0.0008771136	,	0.0006142069	,	0.0006314152	,	0.0007585228	,	0.00063574	,	0.0008687726	,	0.0004707474	,	0.0008315358	,	0.0010308743	,	0.0005925542	,	1
0.2814514185	,	-0.0944995473	,	-0.4598205351	,	-0.065061433	,	0.1101002711	,	0.2413951171	,	0.626604635	,	0.0819293974	,	-0.0863072422	,	-0.0939729829	,	0.0365527263	,	0.0135703144	,	0.0190288621	,	0.0140087495	,	0.0205759418	,	0.0361110817	,	0.0603703439	,	0.0133571685	,	0.0063691967	,	0.0035430863	,	1
0.2892306211	,	-0.1181904828	,	-0.4519066171	,	-0.0613461097	,	0.1039003524	,	0.2265046723	,	0.6387759584	,	0.0833005295	,	-0.0914754652	,	-0.0928682867	,	0.0179181023	,	0.0072316501	,	0.0058722509	,	0.0097752478	,	0.0110029254	,	0.0306004581	,	0.0119646205	,	0.0155869668	,	0.0072862975	,	0.0046953275	,	1
0.2864276481	,	-0.12039729	,	-0.4524696513	,	-0.0629881019	,	0.1057056292	,	0.2304859593	,	0.6335417643	,	0.0833327834	,	-0.0906502881	,	-0.092713273	,	0.0010864278	,	0.0010208548	,	0.0006766138	,	0.0009391555	,	0.000671804	,	0.0011351093	,	0.0011253201	,	0.001173516	,	0.0017175189	,	0.0006561161	,	1
0.2865112139	,	-0.12056121	,	-0.4525989241	,	-0.062824145	,	0.1055957582	,	0.2303712927	,	0.6346059415	,	0.0828668689	,	-0.0910074	,	-0.0930796527	,	0.0018515153	,	0.0008908407	,	0.0007300592	,	0.0009917519	,	0.0007885933	,	0.0011462933	,	0.0004078703	,	0.0016997145	,	0.0014581753	,	0.0006356629	,	1
0.2859336835	,	-0.120501991	,	-0.452765286	,	-0.0630884132	,	0.105634223	,	0.2305334475	,	0.6340717351	,	0.0825823236	,	-0.0914157999	,	-0.0930286229	,	0.001326676	,	0.0010140368	,	0.0006886704	,	0.0009004889	,	0.0005881366	,	0.0010036168	,	0.000524444	,	0.0012315579	,	0.0016771171	,	0.0005963719	,	1
0.2857459391	,	-0.1204853548	,	-0.4530723682	,	-0.0630960232	,	0.1056507923	,	0.2304056541	,	0.63435693	,	0.0822772771	,	-0.0916924269	,	-0.0932808537	,	0.0010953249	,	0.0009225272	,	0.0006405433	,	0.0007709111	,	0.0006539783	,	0.0009122327	,	0.0004088812	,	0.0010250047	,	0.0015092092	,	0.0005357447	,	1
0.2856036927	,	-0.1204122478	,	-0.4530670243	,	-0.0629694232	,	0.1057113496	,	0.2304631804	,	0.6346475392	,	0.0820058846	,	-0.0911402715	,	-0.0934258678	,	0.001276957	,	0.0009841791	,	0.0006584495	,	0.0008667964	,	0.0006243476	,	0.0010467093	,	0.0003466026	,	0.0011396046	,	0.0015623967	,	0.0005782165	,	1
0.2854166923	,	-0.1203076991	,	-0.4532034711	,	-0.0629638887	,	0.1056717014	,	0.2304620222	,	0.6333850124	,	0.0824079263	,	-0.0909011036	,	-0.0933059668	,	0.0017089216	,	0.0010483029	,	0.0006909054	,	0.0007870234	,	0.0007697281	,	0.0010847843	,	0.000483734	,	0.0015167409	,	0.0016656079	,	0.0006569716	,	1
0.2845372113	,	-0.1200702144	,	-0.4535624437	,	-0.0633357326	,	0.105412903	,	0.2300230459	,	0.6328967017	,	0.0818503044	,	-0.0914979405	,	-0.0934319324	,	0.0056184011	,	0.0026223226	,	0.0028487373	,	0.0026163031	,	0.0026983467	,	0.003524706	,	0.0027612619	,	0.005019705	,	0.0043510323	,	0.0023540168	,	1
0.2779067581	,	-0.1258145668	,	-0.4559888819	,	-0.0619628512	,	0.1058490335	,	0.2303782422	,	0.6189795151	,	0.0821537914	,	-0.092446447	,	-0.093741108	,	0.0055976203	,	0.0031942511	,	0.001692786	,	0.0019221387	,	0.002136617	,	0.0033554185	,	0.0026025996	,	0.0047114691	,	0.0044499181	,	0.0012911383	,	1
0.287424121	,	-0.1218563853	,	-0.4516695896	,	-0.0633872717	,	0.1063039035	,	0.2303187855	,	0.638798505	,	0.081836288	,	-0.0912918412	,	-0.0934075513	,	0.007502751	,	0.0030140391	,	0.0024568316	,	0.004097874	,	0.0033545329	,	0.0034020695	,	0.0029897146	,	0.0062122248	,	0.0046122898	,	0.001744513	,	1
0.2881522572	,	-0.1221138643	,	-0.4513454149	,	-0.0631288838	,	0.1058989392	,	0.2306365317	,	0.639319316	,	0.0822041037	,	-0.0914797456	,	-0.0933082765	,	0.0017856458	,	0.0009126607	,	0.000806796	,	0.0008606964	,	0.0008449854	,	0.0011881039	,	0.0004933839	,	0.0016128797	,	0.0014597954	,	0.0006780556	,	1
0.2883229153	,	-0.1219253721	,	-0.4514200474	,	-0.0630323774	,	0.1057040512	,	0.2305959929	,	0.6383172621	,	0.0828216156	,	-0.0912276546	,	-0.09311381	,	0.0011945277	,	0.0006820407	,	0.0006282948	,	0.0007399335	,	0.0007277138	,	0.0008633297	,	0.0005186463	,	0.0011278504	,	0.0010737796	,	0.0005731867	,	1
0.2883149303	,	-0.1218321182	,	-0.4514633926	,	-0.0629683856	,	0.1058293081	,	0.2304971557	,	0.6389221589	,	0.0825005502	,	-0.0916620337	,	-0.0932010451	,	0.0009161934	,	0.000650757	,	0.0006044159	,	0.0007929224	,	0.000690526	,	0.0009395528	,	0.0004341956	,	0.000846718	,	0.0010920763	,	0.0005434547	,	1
0.2883361007	,	-0.1217901463	,	-0.4514348524	,	-0.0630489805	,	0.1057419241	,	0.2306145249	,	0.6385879722	,	0.0827155463	,	-0.0914512699	,	-0.0931284719	,	0.001113355	,	0.0006488129	,	0.0006011213	,	0.0007415668	,	0.0005988985	,	0.0009160099	,	0.0007266781	,	0.0010789345	,	0.0010620772	,	0.0005862668	,	1
0.2882517912	,	-0.1216480525	,	-0.4515006344	,	-0.0629362168	,	0.1056498062	,	0.230428819	,	0.638880485	,	0.0824646586	,	-0.0914506937	,	-0.0932421876	,	0.0019366846	,	0.0008029437	,	0.0007311579	,	0.0008183729	,	0.0007439704	,	0.0012227176	,	0.0005661385	,	0.0018146615	,	0.0013012157	,	0.0006572782	,	1
0.2869552273	,	-0.1212014713	,	-0.4522112548	,	-0.0634301636	,	0.1056673618	,	0.2311704843	,	0.6364719749	,	0.0823865284	,	-0.0919477968	,	-0.0931511434	,	0.0039213206	,	0.0026431851	,	0.0015390298	,	0.0018986772	,	0.0013877441	,	0.0023360097	,	0.0017049452	,	0.0033164114	,	0.0041413701	,	0.001232241	,	1
0.2856761153	,	-0.1210755564	,	-0.4529868974	,	-0.0631908	,	0.105734823	,	0.230586727	,	0.6342622268	,	0.0822301531	,	-0.0917834363	,	-0.0933167573	,	0.0016216075	,	0.0008458158	,	0.0007588759	,	0.0011008341	,	0.0007798183	,	0.0014818293	,	0.0005228173	,	0.0014265148	,	0.0013854807	,	0.0006148389	,	1
-0.1754674174	,	0.1559465892	,	-0.3558009946	,	-0.2204450392	,	0.0933839048	,	0.2812272886	,	-0.2174287383	,	0.0532127873	,	-0.103732399	,	-0.073381915	,	0.0704036982	,	0.2496546605	,	0.2224386136	,	0.2087076776	,	0.0418799714	,	0.0847263575	,	0.1175597451	,	0.0332976581	,	0.0679507183	,	0.0557828021	,	2
-0.1173728971	,	0.1566102031	,	-0.3875024597	,	-0.2162717429	,	0.1186625145	,	0.2426908112	,	-0.0841090361	,	0.0438767981	,	-0.1008017688	,	-0.0754181622	,	0.0672452679	,	0.2173494901	,	0.2360322373	,	0.2179717285	,	0.0592511077	,	0.048791868	,	0.136095854	,	0.0309563961	,	0.0699596446	,	0.0739648544	,	2
-0.0929387292	,	0.2215609071	,	-0.3221642401	,	-0.3001876881	,	0.1379573971	,	0.270073354	,	-0.0286005477	,	0.0394152192	,	-0.1077392489	,	-0.0660668558	,	0.0885881087	,	0.2306551022	,	0.2605844588	,	0.2390654274	,	0.077035805	,	0.053909019	,	0.1763918541	,	0.0329274892	,	0.0739724693	,	0.0857155969	,	2
-0.0404111537	,	0.2713618876	,	-0.274740857	,	-0.2272468386	,	0.1214564329	,	0.2369520749	,	0.0642485222	,	0.0448556466	,	-0.0947382764	,	-0.0650488317	,	0.0630975736	,	0.2416751581	,	0.2501176824	,	0.2128547202	,	0.058763555	,	0.0588590353	,	0.125288491	,	0.0326342392	,	0.070829766	,	0.0610837124	,	2
-0.0626607351	,	0.2033817259	,	-0.3483327407	,	-0.3080500212	,	0.1352774916	,	0.2325754396	,	0.0116721089	,	0.048281879	,	-0.0989040627	,	-0.0713409478	,	0.0628429573	,	0.2443321428	,	0.2454410519	,	0.2469780155	,	0.0602953623	,	0.0518330033	,	0.1047015066	,	0.0351444546	,	0.1177795005	,	0.0833552899	,	2
-0.0591017754	,	0.2149862739	,	-0.3262315478	,	-0.2412036	,	0.122071079	,	0.2393129722	,	0.0274043022	,	0.0449696167	,	-0.0937429576	,	-0.0672979209	,	0.0569131366	,	0.2510415962	,	0.2493056709	,	0.2223191777	,	0.054015926	,	0.0327459137	,	0.0999808747	,	0.0389772283	,	0.0938691451	,	0.0654896252	,	2
-0.0422393803	,	0.1914841362	,	-0.3678661667	,	-0.2513139428	,	0.1264544773	,	0.2366266072	,	0.0584174718	,	0.0448814431	,	-0.0922181881	,	-0.0792630767	,	0.0503848959	,	0.2315269506	,	0.243880423	,	0.2024080987	,	0.0511655457	,	0.0422789832	,	0.0923737447	,	0.0335599256	,	0.0572539434	,	0.0654290601	,	2
0.0059921877	,	0.2290023003	,	-0.3229038627	,	-0.2467411307	,	0.1258806629	,	0.2171012376	,	0.1519847707	,	0.0468271903	,	-0.0961353154	,	-0.0668883921	,	0.0388751846	,	0.2348055667	,	0.2448700243	,	0.2234927736	,	0.0503170684	,	0.0524178368	,	0.0542737233	,	0.0388958578	,	0.0656822562	,	0.067762148	,	2
0.0353842019	,	0.2542881691	,	-0.3052179634	,	-0.2623080628	,	0.1281151665	,	0.2057314823	,	0.218626903	,	0.0422228317	,	-0.0887663831	,	-0.0621408973	,	0.0364881038	,	0.2298026242	,	0.2401461949	,	0.2014307836	,	0.0510548489	,	0.0547558118	,	0.042798871	,	0.0391277201	,	0.077691588	,	0.0663461038	,	2
0.0264133574	,	0.2215676237	,	-0.3253567005	,	-0.2363838147	,	0.1200999112	,	0.212423457	,	0.1877379095	,	0.0487202382	,	-0.0970945315	,	-0.070367259	,	0.0321430491	,	0.2339805551	,	0.2462856486	,	0.209380642	,	0.0539420053	,	0.0426996361	,	0.0505818777	,	0.0316945844	,	0.0589617663	,	0.066022556	,	2
-0.0024460664	,	0.1938331906	,	-0.3619246216	,	-0.2841994504	,	0.1185216744	,	0.2203142191	,	0.1328245046	,	0.0480967719	,	-0.103489059	,	-0.0751600692	,	0.0361989507	,	0.2273490217	,	0.251900347	,	0.2243357586	,	0.0565621229	,	0.0390244504	,	0.0708586166	,	0.030743593	,	0.0587663722	,	0.078622756	,	2
-0.0036458809	,	0.2365157314	,	-0.3095712904	,	-0.2610105874	,	0.1223872789	,	0.2259587511	,	0.1326056242	,	0.0478658662	,	-0.09893038	,	-0.0597057408	,	0.0413794575	,	0.238969495	,	0.2460654808	,	0.2207194903	,	0.057134004	,	0.0358015847	,	0.0667216428	,	0.0365279508	,	0.0636587204	,	0.072461047	,	2
-0.0286638931	,	0.1713240314	,	-0.3907129301	,	-0.2604388135	,	0.1107279361	,	0.2459875733	,	0.0729044407	,	0.0513044965	,	-0.0982529306	,	-0.084378127	,	0.0488233089	,	0.2270134491	,	0.2462581676	,	0.2191805728	,	0.0491570761	,	0.0372113205	,	0.0837329243	,	0.0325874769	,	0.0599265637	,	0.0791590609	,	2
-0.0013539584	,	0.0276916988	,	-0.2315577026	,	-0.1285235595	,	0.1084729179	,	0.2661461203	,	0.1146685163	,	0.0578636856	,	-0.0898691708	,	-0.0617597252	,	0.1316828903	,	0.3189438576	,	0.314181021	,	0.3051128335	,	0.0620222351	,	0.0911516584	,	0.2130572835	,	0.0495836755	,	0.0743857493	,	0.0726603009	,	2
-0.1034442077	,	-0.1033380705	,	-0.1453684452	,	-0.1444941576	,	0.1092751539	,	0.3113487058	,	-0.1088070709	,	0.0667784822	,	-0.0890260518	,	-0.0895894351	,	0.2275934931	,	0.3023728628	,	0.3389472655	,	0.3068763723	,	0.080835097	,	0.1427110709	,	0.4254120459	,	0.0491841398	,	0.0815817322	,	0.0790032939	,	2
0.1239002635	,	0.1416172226	,	-0.0198447822	,	-0.0598898685	,	0.1106151063	,	0.1730356689	,	0.3712453062	,	0.0556317337	,	-0.0994184502	,	-0.0628571091	,	0.278277894	,	0.2707425599	,	0.3240784144	,	0.2172042592	,	0.0586091108	,	0.2057432242	,	0.5033295999	,	0.0671154191	,	0.080275271	,	0.0680467056	,	2
-0.2310791153	,	-0.4905699267	,	-0.0718866028	,	-0.0752440687	,	0.1033687504	,	0.2330862275	,	-0.3413431974	,	0.0581521811	,	-0.1097792973	,	-0.0599988982	,	0.0227654624	,	0.0119065238	,	0.0382315337	,	0.0213979985	,	0.0118721847	,	0.010886747	,	0.0240965417	,	0.0181492581	,	0.0176881105	,	0.0117611556	,	3
-0.2472317617	,	-0.48565738	,	-0.0999517754	,	-0.0607324811	,	0.1070270399	,	0.2294331113	,	-0.3612219085	,	0.0515761467	,	-0.1107071256	,	-0.0647438448	,	0.0121915098	,	0.0037952469	,	0.0061464373	,	0.0093269883	,	0.0047450861	,	0.0048421909	,	0.0055613666	,	0.0108575259	,	0.0056381804	,	0.0051449917	,	3
-0.2103103135	,	-0.4987629988	,	-0.0325546415	,	-0.061557801	,	0.1019372718	,	0.2263444482	,	-0.2866685876	,	0.0515610733	,	-0.1031844656	,	-0.0609117149	,	0.0162990178	,	0.0084873855	,	0.0106915965	,	0.0134513166	,	0.0100408155	,	0.0085037911	,	0.0100031854	,	0.0149484205	,	0.0132116289	,	0.0084895594	,	3
-0.0950094809	,	-0.5173478575	,	-0.0186163013	,	-0.0957014925	,	0.1302161755	,	0.2814476485	,	-0.064774167	,	0.0548190736	,	-0.1069383496	,	-0.0601049893	,	0.0043167195	,	0.0018844375	,	0.0033035832	,	0.0015646384	,	0.0023703516	,	0.0015936188	,	0.0018965166	,	0.0039588888	,	0.0030282556	,	0.0021564665	,	3
-0.0925454142	,	-0.5170774061	,	-0.0123801899	,	-0.0955122846	,	0.1298695986	,	0.2822422073	,	-0.0618814839	,	0.0555031096	,	-0.1059555744	,	-0.0605126723	,	0.0058195817	,	0.0014876714	,	0.0034492157	,	0.0015491474	,	0.0031292163	,	0.0020886431	,	0.0025065204	,	0.0054675143	,	0.0025816396	,	0.0025954488	,	3
-0.0953923964	,	-0.5164601909	,	-0.0084835169	,	-0.0952321046	,	0.1297031155	,	0.2825120792	,	-0.0680559691	,	0.0558411634	,	-0.1052486557	,	-0.0616288213	,	0.0074515379	,	0.0022394861	,	0.0039085386	,	0.002398363	,	0.0045414359	,	0.0025066122	,	0.0028132698	,	0.0071820885	,	0.0036037439	,	0.0029380874	,	3
-0.1097454135	,	-0.5134379056	,	0.0107235964	,	-0.092262544	,	0.1351952836	,	0.2841884513	,	-0.095674054	,	0.055638789	,	-0.1021306153	,	-0.0612415225	,	0.0131397961	,	0.0043562211	,	0.0130608502	,	0.0067597551	,	0.0222887048	,	0.0088414693	,	0.0230874307	,	0.0104999713	,	0.0064431972	,	0.0063042424	,	3
-0.1028508922	,	-0.5149061586	,	-0.0020082419	,	-0.1003171963	,	0.1248285523	,	0.277956301	,	-0.0861510434	,	0.0581222336	,	-0.1039829596	,	-0.0626525037	,	0.0230083984	,	0.0066401729	,	0.0176190769	,	0.0076723721	,	0.0205173308	,	0.0084358707	,	0.0253257438	,	0.0164306339	,	0.0102960202	,	0.0084001837	,	3
-0.0951723407	,	-0.5172033225	,	-0.0186126383	,	-0.0961355982	,	0.1304104716	,	0.2826973991	,	-0.0659809949	,	0.0552409002	,	-0.1066577954	,	-0.0613400378	,	0.0085987249	,	0.0026573772	,	0.0034561802	,	0.0030261662	,	0.0052494138	,	0.0028943035	,	0.0054656318	,	0.0077310901	,	0.0048185722	,	0.0029996821	,	3
-0.0946603631	,	-0.5174401958	,	-0.0248359291	,	-0.0960332116	,	0.1310320218	,	0.2810526858	,	-0.0625398087	,	0.0541120695	,	-0.1076040836	,	-0.0604056749	,	0.0074765958	,	0.0023143517	,	0.0037389332	,	0.0028511351	,	0.004265813	,	0.0025992939	,	0.0033385764	,	0.006966513	,	0.0037654476	,	0.0030212498	,	3
-0.0920770761	,	-0.5176669961	,	-0.0235792135	,	-0.0963095866	,	0.1301078826	,	0.2817020772	,	-0.0618140217	,	0.0562135042	,	-0.1074875846	,	-0.0612180428	,	0.0055421964	,	0.0015097948	,	0.0030119232	,	0.0016143925	,	0.0041442624	,	0.0021271668	,	0.0015018379	,	0.0054489896	,	0.0024838297	,	0.0025622821	,	3
-0.0929983389	,	-0.5175154394	,	-0.0226286641	,	-0.0951528933	,	0.1304917406	,	0.2818692513	,	-0.0627929662	,	0.0556871361	,	-0.1071358329	,	-0.0623367057	,	0.005681095	,	0.001701298	,	0.0034848138	,	0.0019941378	,	0.0037950021	,	0.0024566266	,	0.0049262017	,	0.0054454325	,	0.0028922285	,	0.0023150171	,	3
-0.1036429069	,	-0.5146474583	,	0.0017881562	,	-0.0912175769	,	0.1293685713	,	0.2843880559	,	-0.0871087319	,	0.0573864424	,	-0.1037081535	,	-0.0616746389	,	0.0137619418	,	0.0054909532	,	0.0234345918	,	0.0094122847	,	0.0088759413	,	0.0045946403	,	0.0185795343	,	0.0101398754	,	0.0078789175	,	0.0080653078	,	3
-0.114688218	,	-0.510752619	,	0.0258409658	,	-0.0959325543	,	0.1300524539	,	0.2810970853	,	-0.1041591966	,	0.0548831932	,	-0.0989575839	,	-0.0601024542	,	0.0048342478	,	0.0020474828	,	0.0037934605	,	0.0015462017	,	0.0032011301	,	0.0019105896	,	0.0035153917	,	0.0046767652	,	0.0034389067	,	0.003469767	,	3
-0.1001738262	,	-0.5142677285	,	0.006058761	,	-0.0949169888	,	0.1347339045	,	0.2808943918	,	-0.0738290741	,	0.0538797954	,	-0.1020790686	,	-0.0610829787	,	0.0109356936	,	0.0037048703	,	0.0148582165	,	0.0087266321	,	0.0083079917	,	0.0064402582	,	0.0136558148	,	0.0084581848	,	0.0054952542	,	0.0072778713	,	3
-0.0967318579	,	-0.5155894641	,	-0.0009848902	,	-0.1000778328	,	0.1277564069	,	0.2789415846	,	-0.0703879041	,	0.0558443395	,	-0.104251744	,	-0.0609819575	,	0.0161787721	,	0.0060573901	,	0.017363538	,	0.0086411444	,	0.0108904226	,	0.0043947992	,	0.01611945	,	0.0129665782	,	0.0099196617	,	0.0071359005	,	3
-0.0950295367	,	-0.5159963599	,	-0.0017603786	,	-0.0952943669	,	0.1286197916	,	0.2824974079	,	-0.0697200232	,	0.057294466	,	-0.1039313564	,	-0.0612442213	,	0.008147092	,	0.0040082362	,	0.0060432079	,	0.0035452613	,	0.0096071107	,	0.004686635	,	0.0075539738	,	0.0085615314	,	0.006452612	,	0.0047963971	,	3
-0.0883780977	,	-0.5170636696	,	-0.0104902325	,	-0.0967478432	,	0.131412132	,	0.2805179613	,	-0.0516111531	,	0.0547698773	,	-0.1054255018	,	-0.0608140076	,	0.0121641375	,	0.0024182258	,	0.0058184478	,	0.0027681423	,	0.0072498297	,	0.0039874898	,	0.0074040477	,	0.0110879975	,	0.0039832271	,	0.0042666674	,	3
-0.0847344581	,	-0.5177620814	,	-0.0184934379	,	-0.0954603994	,	0.1304274355	,	0.2815067192	,	-0.0474218898	,	0.0562403879	,	-0.1067963804	,	-0.0614079047	,	0.0072468503	,	0.0018338427	,	0.0042713945	,	0.0021955817	,	0.0046558203	,	0.0027735716	,	0.0028161877	,	0.0070656163	,	0.0029886076	,	0.0035217008	,	3
-0.0856278656	,	-0.5171186139	,	-0.0102423692	,	-0.0947398874	,	0.1289991128	,	0.2827649634	,	-0.0553720538	,	0.0593067267	,	-0.1055600066	,	-0.0617090281	,	0.0164422587	,	0.0027982965	,	0.011638834	,	0.0047299584	,	0.0105613893	,	0.0058435029	,	0.0062931812	,	0.0164054209	,	0.0050119541	,	0.00781407	,	3
-0.0813480143	,	-0.5180923628	,	-0.0203063196	,	-0.0959010774	,	0.1327852233	,	0.2792755464	,	-0.0404612435	,	0.055766057	,	-0.1070236115	,	-0.0624582271	,	0.0170601078	,	0.0064404526	,	0.0087726499	,	0.0064100265	,	0.0122698465	,	0.0063467929	,	0.0096624109	,	0.0148105087	,	0.0088339152	,	0.0067591187	,	3
-0.0998048383	,	-0.5137675771	,	0.0114091885	,	-0.0926911154	,	0.1259067476	,	0.2860941561	,	-0.0841927434	,	0.0592609739	,	-0.1019107847	,	-0.0603440865	,	0.0131798533	,	0.0036331724	,	0.0110303617	,	0.0080046702	,	0.0139413948	,	0.0097752466	,	0.0111178644	,	0.0131428101	,	0.0058985954	,	0.0066390842	,	3
-0.0843420718	,	-0.5179846084	,	-0.0225840975	,	-0.0994960272	,	0.132114754	,	0.2778010957	,	-0.0401639851	,	0.0535489302	,	-0.1075304171	,	-0.0621362801	,	0.0214008595	,	0.007661751	,	0.0158597595	,	0.0118049481	,	0.0117396394	,	0.0075689739	,	0.0208484314	,	0.0169271657	,	0.0125972384	,	0.0075579052	,	3
-0.0833129168	,	-0.5179469108	,	-0.019467797	,	-0.0960000051	,	0.1299993923	,	0.2818584407	,	-0.0443640357	,	0.0561329372	,	-0.1071095411	,	-0.0609459867	,	0.0022519892	,	0.0009855741	,	0.0014320241	,	0.0009431311	,	0.0011576829	,	0.0010482958	,	0.0013416721	,	0.0021219345	,	0.0016877528	,	0.0012730222	,	3
-0.0833099455	,	-0.5181555496	,	-0.0196485052	,	-0.0957523399	,	0.1301232684	,	0.2818522635	,	-0.0436852823	,	0.0557725894	,	-0.1073933326	,	-0.0611078801	,	0.0019287196	,	0.0009522664	,	0.0015601743	,	0.0009493583	,	0.000878355	,	0.0011193361	,	0.0008454266	,	0.0018670013	,	0.0014965123	,	0.0011919533	,	3
-0.0826726197	,	-0.5181408954	,	-0.0192808312	,	-0.0950588083	,	0.1297597277	,	0.2821642185	,	-0.0431573463	,	0.0560923996	,	-0.1072319548	,	-0.0622277294	,	0.0029017193	,	0.001382893	,	0.0021985972	,	0.0020185921	,	0.002811824	,	0.0018601327	,	0.001342323	,	0.0027382312	,	0.0022588615	,	0.0022343933	,	3
-0.1170000097	,	-0.5128611356	,	0.0013070819	,	-0.0961802196	,	0.1234211386	,	0.2849139007	,	-0.115856254	,	0.05788007	,	-0.1027321172	,	-0.0622119323	,	0.0314836504	,	0.009191421	,	0.0191092831	,	0.0231859378	,	0.0270034952	,	0.0183264921	,	0.0389169365	,	0.0181065918	,	0.0138430062	,	0.0136143805	,	3
-0.0952144949	,	-0.5153380877	,	0.0028707266	,	-0.0932424817	,	0.1308142524	,	0.2811700548	,	-0.065452489	,	0.0550802477	,	-0.1030846749	,	-0.0611518783	,	0.0065841512	,	0.002583006	,	0.0099822103	,	0.0045850344	,	0.0069571076	,	0.0039236564	,	0.0054622683	,	0.0062665531	,	0.0043513011	,	0.0040587827	,	3
-0.0858111526	,	-0.517746973	,	-0.023539989	,	-0.0974887633	,	0.1378337653	,	0.2798566011	,	-0.0384585273	,	0.0508649615	,	-0.1068715956	,	-0.06101247	,	0.0106422549	,	0.0036258688	,	0.0138336711	,	0.0064149459	,	0.0176413003	,	0.006997689	,	0.0157328433	,	0.0121613255	,	0.006162145	,	0.0056871661	,	3
-0.0837821834	,	-0.5183231316	,	-0.0241254589	,	-0.0958471168	,	0.1300658673	,	0.2817348942	,	-0.0496064284	,	0.0581556462	,	-0.1082924021	,	-0.060899566	,	0.0039836618	,	0.0012700499	,	0.0027754402	,	0.0013667936	,	0.0016890617	,	0.0015742961	,	0.0007631301	,	0.0038893583	,	0.002091326	,	0.0021778278	,	3
-0.0848217374	,	-0.5180094885	,	-0.0234560451	,	-0.0963607799	,	0.1287775955	,	0.2819020683	,	-0.0491950093	,	0.0571253543	,	-0.1075297025	,	-0.0622359069	,	0.0052886443	,	0.0019170571	,	0.0042555928	,	0.002467508	,	0.0055140858	,	0.0021192764	,	0.0022108293	,	0.0049360048	,	0.0031593071	,	0.0034600415	,	3
-0.0940555348	,	-0.5163445003	,	-0.0077809833	,	-0.0938367398	,	0.1177972046	,	0.2839336364	,	-0.0771316257	,	0.0615342141	,	-0.1053869717	,	-0.0647737213	,	0.0127350105	,	0.0038851362	,	0.0141074389	,	0.0082072264	,	0.0334055115	,	0.0103604535	,	0.0228171946	,	0.0167786256	,	0.0063070312	,	0.0072895885	,	3
-0.0931181161	,	-0.5160996875	,	-0.0011118743	,	-0.0959910116	,	0.1325550269	,	0.2804063829	,	-0.0558251908	,	0.0522209614	,	-0.1038333213	,	-0.0603242363	,	0.0101269364	,	0.0028037237	,	0.0060460399	,	0.0038615312	,	0.0070930912	,	0.0040789173	,	0.0031268201	,	0.009987658	,	0.0046472228	,	0.004205002	,	3
-0.0985636127	,	-0.5160394023	,	-0.0054989319	,	-0.0952995555	,	0.1317867191	,	0.2825950869	,	-0.0710284483	,	0.0541433363	,	-0.1042609069	,	-0.0601037879	,	0.0114833055	,	0.0035063115	,	0.0075703577	,	0.0044388351	,	0.0105413497	,	0.0074401414	,	0.0132640481	,	0.0098906686	,	0.0060716449	,	0.0048137446	,	3
-0.0998308364	,	-0.5160734385	,	-0.0085570822	,	-0.0970546575	,	0.1305499308	,	0.2818009144	,	-0.0784978316	,	0.0567241566	,	-0.1051557803	,	-0.0604866235	,	0.0039356388	,	0.0016967364	,	0.0037328084	,	0.0016612463	,	0.0018379627	,	0.0015121049	,	0.0011279813	,	0.0037610187	,	0.0026937273	,	0.00183451	,	3
-0.1020079952	,	-0.5159052457	,	-0.0105045793	,	-0.0960242181	,	0.1301712013	,	0.2819402904	,	-0.0814062666	,	0.0562045102	,	-0.1050066837	,	-0.0611807213	,	0.002956415	,	0.0012384935	,	0.0019748146	,	0.0013852448	,	0.0014257619	,	0.001071609	,	0.0008444909	,	0.002772901	,	0.0020358966	,	0.0015162661	,	3
-0.1019697406	,	-0.5160444378	,	-0.0096614779	,	-0.0958813611	,	0.1301958582	,	0.2818978213	,	-0.0812977174	,	0.0560677859	,	-0.1051214247	,	-0.0609705311	,	0.0025414454	,	0.0011296661	,	0.0022282123	,	0.0013790374	,	0.0012515798	,	0.0010936195	,	0.0012595593	,	0.0023586834	,	0.0018796764	,	0.001779153	,	3
-0.1028880322	,	-0.5159775872	,	-0.0109645915	,	-0.0957298563	,	0.1304493308	,	0.2819827596	,	-0.0833184261	,	0.0561953793	,	-0.105187442	,	-0.0613868809	,	0.0040361906	,	0.002038409	,	0.0033083685	,	0.001801111	,	0.0023861216	,	0.0016302392	,	0.0016406184	,	0.0036466667	,	0.0033609023	,	0.0024381354	,	3
-0.097296389	,	-0.5169650719	,	-0.0191195064	,	-0.0960871722	,	0.1327769386	,	0.2801303338	,	-0.0681949396	,	0.0540841062	,	-0.1065746231	,	-0.0621848077	,	0.0087167533	,	0.0029686755	,	0.0058477818	,	0.0027098133	,	0.0063167324	,	0.0036690511	,	0.0044829984	,	0.0081417328	,	0.0049904853	,	0.0040657092	,	3
-0.0954111524	,	-0.5169548477	,	-0.017161173	,	-0.0955548304	,	0.1301706096	,	0.2817437742	,	-0.0701748279	,	0.0568413586	,	-0.1064130785	,	-0.0611360421	,	0.0034222137	,	0.0014515516	,	0.0027973823	,	0.0017432522	,	0.0022690318	,	0.0015064247	,	0.0010116191	,	0.0033464212	,	0.0024053708	,	0.002093757	,	3
-0.0954312079	,	-0.5168599143	,	-0.0161955135	,	-0.0960058854	,	0.1298843927	,	0.2817264004	,	-0.0679820234	,	0.0559454414	,	-0.1060786121	,	-0.0614305058	,	0.0029839976	,	0.001165113	,	0.0018492769	,	0.0009910407	,	0.0013334237	,	0.0011340086	,	0.0004789526	,	0.0028013967	,	0.0019232729	,	0.0015756541	,	3
-0.0951480139	,	-0.5168261843	,	-0.0157997565	,	-0.0959207937	,	0.1300579771	,	0.2815132828	,	-0.0669925873	,	0.0556290331	,	-0.1060093547	,	-0.0613657548	,	0.0034383985	,	0.0014765792	,	0.0021009118	,	0.0011884483	,	0.001599643	,	0.0011038847	,	0.0009736909	,	0.0032983339	,	0.0024769265	,	0.0017449293	,	3
-0.093300103	,	-0.5168438884	,	-0.0145021375	,	-0.0957831251	,	0.130248328	,	0.2816202275	,	-0.0631462493	,	0.0556773207	,	-0.1057329317	,	-0.0611989271	,	0.003510862	,	0.0013255497	,	0.0022673036	,	0.0012802228	,	0.0015513858	,	0.0011381691	,	0.0010706161	,	0.0032344258	,	0.002165726	,	0.0017862938	,	3
-0.0968345505	,	-0.5170276495	,	-0.0186054649	,	-0.0950684935	,	0.1300118194	,	0.28143568	,	-0.0711210892	,	0.0561137193	,	-0.1065683891	,	-0.0617761873	,	0.0038117063	,	0.0016413508	,	0.0046167575	,	0.0018081183	,	0.0016368338	,	0.0015008269	,	0.0030740422	,	0.0033173308	,	0.002718946	,	0.0028676672	,	3
-0.0946716906	,	-0.5166248722	,	-0.012687577	,	-0.0956229728	,	0.1299025402	,	0.2817117293	,	-0.0672043245	,	0.0561568954	,	-0.1055933056	,	-0.0619412638	,	0.0033286459	,	0.0012934507	,	0.0023902365	,	0.0011274403	,	0.0017251002	,	0.0012975832	,	0.0006638261	,	0.0032739317	,	0.0020308733	,	0.0018835887	,	3
-0.09444105	,	-0.5166430345	,	-0.0133038773	,	-0.0960961655	,	0.1300629084	,	0.2816530447	,	-0.0658308611	,	0.0557001364	,	-0.1056087078	,	-0.0613188009	,	0.0035639977	,	0.0016065674	,	0.0021712929	,	0.0012733578	,	0.0016979428	,	0.0015865232	,	0.0005937313	,	0.003488045	,	0.0025779184	,	0.0016541088	,	3
-0.0894837615	,	-0.5156892807	,	-0.0104520762	,	-0.0911290262	,	0.1329260632	,	0.2805488478	,	-0.0559517977	,	0.0562276202	,	-0.1037376156	,	-0.0624610716	,	0.0152209393	,	0.0091274542	,	0.0131083373	,	0.014752808	,	0.0149890944	,	0.0118482532	,	0.0180682912	,	0.0121613623	,	0.015456286	,	0.0081006475	,	3
-0.1450651901	,	-0.5022141573	,	0.0460758569	,	-0.0926451105	,	0.1289334269	,	0.2877909903	,	-0.1618160084	,	0.0533023664	,	-0.0933888827	,	-0.0614866902	,	0.0193005443	,	0.0066013643	,	0.0125041264	,	0.0095391617	,	0.0156556942	,	0.0138407281	,	0.0306284102	,	0.0153854476	,	0.01082192	,	0.00838199	,	3
-0.129046063	,	-0.5074467582	,	0.0221346164	,	-0.1052341801	,	0.1249749157	,	0.2750900216	,	-0.1343955784	,	0.0555405421	,	-0.0983273484	,	-0.0610510161	,	0.0266087017	,	0.009963301	,	0.043271212	,	0.0235920046	,	0.0110217131	,	0.0105916436	,	0.044089265	,	0.0124252071	,	0.0131129461	,	0.0114036318	,	3
-0.0715593423	,	-0.5191143404	,	-0.025014348	,	-0.0931030836	,	0.1455998877	,	0.2790933152	,	-0.0144145169	,	0.0526409889	,	-0.1085065797	,	-0.062951029	,	0.0156828112	,	0.0061650923	,	0.0121753673	,	0.0077518574	,	0.0238648502	,	0.0085702603	,	0.0145144558	,	0.0158113493	,	0.0099076979	,	0.0096547668	,	3
-0.077894161	,	-0.5182042374	,	-0.0306555265	,	-0.0969277117	,	0.1153609089	,	0.2840641324	,	-0.0465050399	,	0.0622857265	,	-0.1087863719	,	-0.0619928035	,	0.0117521757	,	0.0052289075	,	0.0073359464	,	0.006283777	,	0.0221469566	,	0.0061413865	,	0.0251099729	,	0.0131625928	,	0.0080967441	,	0.0065160388	,	3
-0.092213195	,	-0.5178799081	,	-0.0305465521	,	-0.095283644	,	0.1306444159	,	0.2815522771	,	-0.0637700624	,	0.0569652897	,	-0.108244924	,	-0.0641909297	,	0.0071241169	,	0.0024836989	,	0.0041076678	,	0.0025981747	,	0.0044278883	,	0.003652587	,	0.0088019161	,	0.0070174651	,	0.0041722341	,	0.0037523322	,	3
-0.0863086454	,	-0.5178200791	,	-0.0274737498	,	-0.0933322208	,	0.1347442045	,	0.2776056542	,	-0.0415012008	,	0.051892302	,	-0.1072849632	,	-0.0601490848	,	0.0188645267	,	0.0040418521	,	0.0066825388	,	0.0068326991	,	0.0116406238	,	0.0096471518	,	0.0276605606	,	0.0102919851	,	0.0060255236	,	0.0058980455	,	3
-0.1423636112	,	0.2169894802	,	-0.3441679045	,	0.1003833915	,	0.1177243704	,	0.1746193786	,	-0.1624119257	,	0.0549886269	,	-0.1135977959	,	-0.0855535057	,	0.0680603229	,	0.2253631801	,	0.2419677502	,	0.1564253555	,	0.0627487687	,	0.1137769583	,	0.0973711704	,	0.0537210103	,	0.075451821	,	0.0784930741	,	4
-0.1463327848	,	-0.0151050067	,	-0.3837251391	,	-0.0652858023	,	0.1332276377	,	0.1783414011	,	-0.163430494	,	0.0529034017	,	-0.0836999904	,	-0.0875307422	,	0.1537853869	,	0.2779523196	,	0.2037717977	,	0.2349316655	,	0.0665467545	,	0.11028011	,	0.279591255	,	0.0524084008	,	0.0851317824	,	0.0708635921	,	4
0.0135797455	,	-0.2406770563	,	-0.3872426933	,	-0.371149782	,	0.1872224466	,	0.1937114716	,	0.1223167963	,	0.0683233073	,	-0.04733461	,	-0.0937003172	,	0.1583027982	,	0.1616683407	,	0.2068711143	,	0.2061447334	,	0.0727633512	,	0.1299587044	,	0.2458789588	,	0.0741984781	,	0.0943779048	,	0.0813335822	,	4
-0.079469834	,	-0.2169001943	,	0.3232139956	,	0.1577768841	,	0.1527910123	,	0.2912016465	,	-0.0184873845	,	0.0479096808	,	0.0190501849	,	-0.0693407023	,	0.1037500035	,	0.203741569	,	0.2121781317	,	0.1991757317	,	0.062157615	,	0.0852125501	,	0.1289048076	,	0.0713917925	,	0.1067131538	,	0.0666884951	,	4
-0.0527788413	,	0.1214932903	,	0.3595090225	,	-0.3140307925	,	0.1294451058	,	0.2663027754	,	0.0282155471	,	0.0504325753	,	-0.167740733	,	-0.0666738514	,	0.0671426554	,	0.1794155292	,	0.2223631401	,	0.2748700014	,	0.0649320393	,	0.0853472343	,	0.1005435489	,	0.0389055342	,	0.1355476386	,	0.0857060553	,	4
-0.0386484797	,	0.1426329428	,	0.3429359134	,	-0.3270110759	,	0.1118550974	,	0.2982704387	,	0.0250761114	,	0.0638462471	,	-0.2109350448	,	-0.0686699161	,	0.0909189577	,	0.1768006135	,	0.2218422083	,	0.2317374837	,	0.0649045959	,	0.0914596477	,	0.1379078034	,	0.0600478871	,	0.1067745625	,	0.0819065882	,	4
-0.1164345499	,	0.1419432304	,	-0.3231109726	,	0.1306305695	,	0.135001382	,	0.2457083417	,	-0.1008591205	,	0.0525319069	,	-0.1381239456	,	-0.0932673984	,	0.1003907706	,	0.1812000011	,	0.338204482	,	0.2173478	,	0.0586499043	,	0.0933761856	,	0.168104493	,	0.0477997122	,	0.0827563531	,	0.0821732445	,	4
-0.1851294415	,	0.139320214	,	-0.4116979753	,	0.1336565115	,	0.1467630998	,	0.2229468246	,	-0.2406873346	,	0.0530262603	,	-0.1419845827	,	-0.0947039589	,	0.0620967793	,	0.1999319678	,	0.2143872772	,	0.1980149089	,	0.0656432336	,	0.0696186907	,	0.0588080646	,	0.0466311682	,	0.1008506468	,	0.0935641625	,	4
-0.1056495919	,	0.1175404516	,	-0.4480036839	,	0.107441362	,	0.1393295489	,	0.2601914695	,	-0.0999719857	,	0.0619965022	,	-0.1354988671	,	-0.0940765309	,	0.0832902117	,	0.1705522762	,	0.1913631326	,	0.2074892918	,	0.0521921549	,	0.0876362836	,	0.1264922118	,	0.0432827379	,	0.0979336761	,	0.0748775126	,	4
-0.0470011258	,	0.1708130413	,	-0.4098858564	,	0.1390636355	,	0.1122689383	,	0.2781427796	,	0.0208090982	,	0.0577426584	,	-0.1303187117	,	-0.0936447833	,	0.0598979684	,	0.1975339068	,	0.2331993492	,	0.2142178543	,	0.0509220226	,	0.0714093251	,	0.0576038625	,	0.0553306693	,	0.0752638019	,	0.0993340735	,	4
0.1182348959	,	0.0833409692	,	0.3407597866	,	-0.3243452154	,	0.1623576778	,	0.3561948401	,	0.3981961763	,	0.0353445478	,	-0.1781024586	,	-0.07019416	,	0.0639245329	,	0.1778095181	,	0.2474521891	,	0.2305387775	,	0.0649134886	,	0.1260437149	,	0.0907022792	,	0.0504016663	,	0.1257292926	,	0.1023148285	,	4
0.1391520728	,	-0.1245315997	,	-0.3119179025	,	-0.3227578753	,	0.1090668993	,	0.2050043953	,	0.4016822476	,	0.0552299014	,	-0.0530932777	,	-0.0952095268	,	0.0663243773	,	0.1977544734	,	0.3514244497	,	0.2325172441	,	0.0884347681	,	0.1182859639	,	0.081307769	,	0.0596416453	,	0.1085418178	,	0.0952794619	,	4
-0.0326733639	,	-0.0894497908	,	-0.0143492071	,	-0.0988343209	,	0.1131110191	,	0.2868952782	,	0.0300129436	,	0.06654998	,	-0.0345954046	,	-0.0942075075	,	0.1386578317	,	0.1623326928	,	0.4565398235	,	0.2453519269	,	0.0636313612	,	0.0646928984	,	0.2713224803	,	0.0385406566	,	0.0724112378	,	0.0559021974	,	4
0.118373615	,	0.4560274937	,	0.0374214	,	-0.1726918093	,	0.0389634923	,	0.2335641055	,	0.3473502729	,	0.0610570292	,	-0.088349793	,	-0.0605699592	,	0.1555712493	,	0.1749865269	,	0.1851819769	,	0.3151956327	,	0.1498926217	,	0.1398409216	,	0.1442978301	,	0.1354118076	,	0.2911990246	,	0.1256697134	,	5
0.1090005413	,	0.4616749305	,	0.022934525	,	-0.0698668359	,	0.1545962888	,	0.257030609	,	0.327738279	,	0.0608153662	,	-0.0796072107	,	-0.0612758024	,	0.1262257624	,	0.1486906364	,	0.1868732964	,	0.2925477167	,	0.1189007537	,	0.1108279803	,	0.1258101871	,	0.1114553406	,	0.2353465389	,	0.1213424207	,	5
0.1072257968	,	0.4341105215	,	0.0454780243	,	-0.1305396146	,	0.0947895895	,	0.2471627157	,	0.3523263343	,	0.0464612215	,	-0.1243351751	,	-0.0529465148	,	0.1302829426	,	0.1931925801	,	0.2094456894	,	0.3736624113	,	0.1182839565	,	0.1055674349	,	0.1205940817	,	0.1154820752	,	0.3132770257	,	0.1537593452	,	5
0.130754302	,	0.4528333538	,	0.0520341899	,	-0.0589903228	,	0.2509677326	,	0.3090359745	,	0.3734072882	,	0.0575688577	,	-0.0836059883	,	-0.0539173739	,	0.1399451126	,	0.1904455035	,	0.189245042	,	0.3455000552	,	0.1307288546	,	0.0923631058	,	0.1331614088	,	0.1165543943	,	0.293796256	,	0.1144867464	,	5
0.1115242184	,	0.4529823172	,	0.0054688654	,	-0.0551082763	,	0.1462226207	,	0.2670753274	,	0.3773787683	,	0.0420803145	,	-0.0823387723	,	-0.0758644268	,	0.1490771871	,	0.1890997407	,	0.2166316997	,	0.3911665762	,	0.1408489881	,	0.1109419471	,	0.1460174065	,	0.1302603806	,	0.3050906866	,	0.1577404544	,	5
0.1053173475	,	0.4564644605	,	0.0231504899	,	-0.1261272991	,	0.0674348715	,	0.239152269	,	0.3423959719	,	0.0518118424	,	-0.0904653205	,	-0.0700168761	,	0.1195290457	,	0.1776369727	,	0.2468819693	,	0.3517916573	,	0.1050662391	,	0.1142593051	,	0.1223901229	,	0.1155185436	,	0.2865063391	,	0.1807119912	,	5
0.1100829938	,	0.4569461447	,	0.0458195992	,	-0.1539657623	,	0.0242322996	,	0.2395132559	,	0.3503241033	,	0.0538748239	,	-0.0806805387	,	-0.0754287792	,	0.1126550788	,	0.1210755319	,	0.1675648485	,	0.2637359937	,	0.131073326	,	0.1077661387	,	0.1158040918	,	0.1037022303	,	0.1832667593	,	0.1166745937	,	5
0.1469448305	,	0.4303730351	,	0.053573873	,	-0.1085295827	,	0.1178999722	,	0.2408880981	,	0.4158581082	,	0.0555184054	,	-0.1034728437	,	-0.0646172014	,	0.1343626046	,	0.2031062203	,	0.2305217013	,	0.3902876506	,	0.1409193904	,	0.1377918423	,	0.1324657173	,	0.1280002055	,	0.3207193622	,	0.1586272465	,	5
0.1347258891	,	0.4659200462	,	-0.0032306161	,	-0.113168115	,	0.0521314403	,	0.2206558095	,	0.3993126751	,	0.0489896935	,	-0.0697807754	,	-0.076091831	,	0.1192587191	,	0.1605493926	,	0.1971714794	,	0.3417024993	,	0.1488190251	,	0.1296609462	,	0.1153322888	,	0.1058712004	,	0.2558092192	,	0.1429905588	,	5
0.1546553221	,	0.4376485259	,	0.0291158441	,	-0.1029671462	,	0.1324851974	,	0.2785527992	,	0.4404512579	,	0.0534715339	,	-0.0847211881	,	-0.076704479	,	0.1160245291	,	0.1450718519	,	0.1880949627	,	0.3137676201	,	0.1403058406	,	0.0951850139	,	0.1124117875	,	0.1076057474	,	0.2279288865	,	0.1217135761	,	5
0.1416802062	,	0.4652288065	,	0.0252080301	,	-0.0913721974	,	0.1457208046	,	0.2510165951	,	0.410095437	,	0.0505688243	,	-0.0687513635	,	-0.0651850619	,	0.0934916247	,	0.1626348206	,	0.1837469596	,	0.3157504118	,	0.0989319039	,	0.097711461	,	0.1039174226	,	0.0865526138	,	0.2492222907	,	0.1178076288	,	5
0.1570566219	,	0.4458589941	,	0.02476328	,	-0.0508564564	,	0.22232435	,	0.3058527205	,	0.4425309388	,	0.0514607235	,	-0.0819834174	,	-0.0686724415	,	0.1055287862	,	0.1236705841	,	0.1497694866	,	0.2473041843	,	0.1275851918	,	0.1204766591	,	0.1129006179	,	0.0898536866	,	0.1989448855	,	0.0988886491	,	5
0.1477873561	,	0.4558959323	,	0.0315514362	,	-0.1105572542	,	0.0910709393	,	0.2431169541	,	0.4213800453	,	0.0519084901	,	-0.0679871065	,	-0.0692192684	,	0.1045102464	,	0.1492158167	,	0.2011402975	,	0.3059754393	,	0.1171918095	,	0.1207483279	,	0.0960382046	,	0.0964815091	,	0.2456713153	,	0.1352034253	,	5
0.1680477084	,	0.4396369251	,	0.0248611115	,	-0.0471688085	,	0.2162577741	,	0.2891909273	,	0.4639891756	,	0.0521153131	,	-0.0834364069	,	-0.0627054748	,	0.1110886752	,	0.1401554457	,	0.1686249227	,	0.3091637343	,	0.149783401	,	0.135113867	,	0.1306978478	,	0.0995258187	,	0.2166668687	,	0.1158474251	,	5
0.1452261678	,	0.4506485259	,	0.0306730787	,	-0.0656215911	,	0.2067913146	,	0.2879465819	,	0.4209058547	,	0.0529007183	,	-0.0770568571	,	-0.0671196158	,	0.1402270888	,	0.1815046361	,	0.1905869899	,	0.2967844573	,	0.1320437713	,	0.1149721891	,	0.113935598	,	0.1273136846	,	0.286788573	,	0.1340874407	,	5
0.13752366	,	0.4429258452	,	0.040917279	,	-0.1050975512	,	0.0873755657	,	0.2296557879	,	0.4080414185	,	0.0512029161	,	-0.0900279574	,	-0.055809799	,	0.1350986495	,	0.1874360035	,	0.2014580579	,	0.3338920226	,	0.1393873839	,	0.1396604545	,	0.1114267268	,	0.1211138531	,	0.3022907057	,	0.1439329218	,	5
0.1502688783	,	0.4335497784	,	0.0419662719	,	-0.1336240119	,	0.0758649524	,	0.2395692382	,	0.4568562022	,	0.0411417015	,	-0.1008114972	,	-0.0558198482	,	0.1176207685	,	0.1662658241	,	0.1759329789	,	0.2985426328	,	0.1490872571	,	0.1197619883	,	0.1198056886	,	0.1134081313	,	0.2646123067	,	0.1160504205	,	5
0.1352220822	,	0.452264217	,	0.0320502153	,	-0.1152525153	,	0.0679122287	,	0.2367639597	,	0.4159190467	,	0.0476672425	,	-0.0688008228	,	-0.0605883798	,	0.1333039571	,	0.1834197353	,	0.2128169629	,	0.3638377783	,	0.1117781583	,	0.1306604211	,	0.1203590706	,	0.1242088344	,	0.2957329181	,	0.1403357557	,	5
0.1629054618	,	0.4511465422	,	0.02768773	,	-0.0378844756	,	0.2257826216	,	0.2941111674	,	0.462484999	,	0.0486724943	,	-0.0691784544	,	-0.0626521243	,	0.1260618886	,	0.1721683886	,	0.2069806207	,	0.3138849503	,	0.1518070784	,	0.1189663054	,	0.1217960421	,	0.1096327794	,	0.2788553219	,	0.1481147866	,	5
0.1241609863	,	0.4650187929	,	0.0135790607	,	-0.1487021863	,	0.0458936489	,	0.2279033569	,	0.3840739093	,	0.0508516871	,	-0.0647376813	,	-0.0604446356	,	0.1145774403	,	0.1442659272	,	0.1669104822	,	0.2857864425	,	0.1414612689	,	0.1121189818	,	0.1163186045	,	0.1013839616	,	0.2290357981	,	0.1127253672	,	5
0.1219875421	,	0.4575484038	,	0.0161636152	,	-0.1088412392	,	0.117815943	,	0.2465113946	,	0.3638430056	,	0.0572197423	,	-0.0778021433	,	-0.0622245138	,	0.1136686079	,	0.170285157	,	0.1810689803	,	0.3310185819	,	0.0984646832	,	0.1026486573	,	0.1114967337	,	0.1099391479	,	0.2630257174	,	0.1140011959	,	5
0.1138062976	,	0.4582390334	,	0.013150641	,	-0.0999086901	,	0.1040370963	,	0.2555951529	,	0.3480938343	,	0.0537978933	,	-0.0815555006	,	-0.0656442719	,	0.125008687	,	0.1735275617	,	0.2026635727	,	0.3226546768	,	0.1115520925	,	0.1104006314	,	0.0994681111	,	0.1113080844	,	0.2848819731	,	0.1355133355	,	5
0.1199346174	,	0.457138912	,	0.0008060131	,	-0.1294147418	,	0.0416250537	,	0.2304121243	,	0.3646399958	,	0.0511863819	,	-0.0879074104	,	-0.0813653432	,	0.1033651825	,	0.1121692587	,	0.1408871178	,	0.255122841	,	0.1296755931	,	0.103422453	,	0.0981770564	,	0.0936296778	,	0.1698495435	,	0.0857654842	,	5
0.1098699936	,	0.4606900417	,	0.0151982609	,	-0.0929463919	,	0.152903052	,	0.2686771853	,	0.3582659074	,	0.0455820064	,	-0.0917108307	,	-0.0698319088	,	0.1286643494	,	0.1418869255	,	0.1559668616	,	0.2888097047	,	0.1274910223	,	0.1054591952	,	0.1241493783	,	0.1040489088	,	0.213677384	,	0.0958668137	,	5
0.1468889342	,	0.450232471	,	0.0285141953	,	-0.0895164383	,	0.1478736444	,	0.2694134447	,	0.4149389253	,	0.0564228259	,	-0.0733035761	,	-0.0672010412	,	0.1462840095	,	0.153778629	,	0.1884298166	,	0.3170355744	,	0.1161216312	,	0.0866555878	,	0.1360986264	,	0.1331986625	,	0.2393816301	,	0.121353552	,	5
0.1379615438	,	0.4537646759	,	0.0310151122	,	-0.0685281968	,	0.2229303168	,	0.3007734142	,	0.4102834728	,	0.0489833915	,	-0.076206844	,	-0.077196738	,	0.1260196567	,	0.1472274718	,	0.1740263625	,	0.2875670325	,	0.1346723258	,	0.0935346855	,	0.1017798352	,	0.1101962918	,	0.229013021	,	0.107133338	,	5
0.1234555082	,	0.4666978245	,	0.0279980176	,	-0.0835921899	,	0.1389157073	,	0.2718187413	,	0.3796967186	,	0.0473649168	,	-0.0614445003	,	-0.0636834012	,	0.1210162891	,	0.1665185034	,	0.1838136158	,	0.3306027773	,	0.1078395963	,	0.0887112526	,	0.1214210757	,	0.1001648336	,	0.2691240757	,	0.1200644369	,	5
0.1166131696	,	0.4643370194	,	-0.0096324787	,	-0.1759982769	,	0.0150208898	,	0.2123971105	,	0.3707399467	,	0.0536511703	,	-0.0706286475	,	-0.0709771953	,	0.153192619	,	0.1479391989	,	0.1760808766	,	0.3181670825	,	0.1658644046	,	0.1356143048	,	0.1409777318	,	0.1327476748	,	0.2409368279	,	0.1159289774	,	5
0.1241687864	,	0.4482082025	,	0.0182799157	,	-0.0737585694	,	0.158363068	,	0.277239731	,	0.3797921199	,	0.0513091055	,	-0.0933336561	,	-0.0644628713	,	0.1471744523	,	0.1739702028	,	0.204079391	,	0.3155962405	,	0.1465631125	,	0.1185733704	,	0.1244275744	,	0.1410469424	,	0.2780984834	,	0.1439926457	,	5
0.1346261678	,	0.4546631769	,	0.011768621	,	-0.1025060607	,	0.1564680397	,	0.2484676763	,	0.3961411697	,	0.0513747335	,	-0.0857869483	,	-0.0642855429	,	0.1473507189	,	0.1641333292	,	0.1918879792	,	0.3142417366	,	0.132524331	,	0.1132008446	,	0.1325474579	,	0.1337135353	,	0.2710323477	,	0.1306483593	,	5
0.0310098287	,	-0.5103171795	,	-0.024041515	,	-0.0975859643	,	0.1604458827	,	0.2922722545	,	0.185271426	,	0.0553443344	,	-0.1178771572	,	-0.0544523168	,	0.1194773469	,	0.1418034643	,	0.1821558249	,	0.2832785577	,	0.1212453926	,	0.0996376745	,	0.0955551179	,	0.1039614375	,	0.2357508118	,	0.1444549267	,	5
0.0242215281	,	-0.5258011536	,	-0.016887516	,	-0.0810982455	,	0.1150506251	,	0.3371208021	,	0.1611425231	,	0.0616410176	,	-0.1505453154	,	-0.0666440165	,	0.1919793568	,	0.1873728523	,	0.2021983769	,	0.3440627519	,	0.2081020355	,	0.1740998517	,	0.1819663412	,	0.1644293592	,	0.297125313	,	0.1693741602	,	5
0.0662660956	,	-0.5064855241	,	-0.0030738701	,	-0.1101816067	,	0.2234733584	,	0.2651333306	,	0.230746888	,	0.0635119326	,	-0.1249660774	,	-0.0610070334	,	0.1644560338	,	0.1761786129	,	0.2320966851	,	0.35571289	,	0.1873780184	,	0.1225305189	,	0.1451484754	,	0.1379226084	,	0.2808962777	,	0.1919711165	,	5
0.0277745457	,	-0.5119475212	,	0.0115317474	,	-0.1031809121	,	0.1643862449	,	0.2990128767	,	0.1791478919	,	0.0534905255	,	-0.1153882006	,	-0.048129308	,	0.1551358345	,	0.1851650481	,	0.2247938769	,	0.3096655972	,	0.1630714046	,	0.1393868271	,	0.1302454855	,	0.1486665469	,	0.2984338152	,	0.1928338834	,	5
0.0249359193	,	-0.5162166	,	-0.0034935899	,	-0.1164877285	,	0.2181190713	,	0.2957836781	,	0.1801177817	,	0.0558353894	,	-0.1247806142	,	-0.0681563337	,	0.1432275118	,	0.1703753825	,	0.1815188788	,	0.2830460752	,	0.1732526813	,	0.1304281428	,	0.1377766055	,	0.1222624716	,	0.284884973	,	0.1419721305	,	5
0.0365067645	,	-0.5203667841	,	-0.0017448109	,	-0.08620236	,	0.0747041084	,	0.3372165497	,	0.1601929822	,	0.0718098658	,	-0.1244719594	,	-0.0695303286	,	0.1533917533	,	0.1850052846	,	0.2127387256	,	0.3168953881	,	0.1905918011	,	0.1821548479	,	0.1399877929	,	0.1327002406	,	0.2948804582	,	0.173354338	,	5
0.028833227	,	-0.5187597929	,	0.0011782654	,	-0.1155098674	,	0.2020779092	,	0.3006421452	,	0.1789860018	,	0.0545869192	,	-0.1288982108	,	-0.0488313467	,	0.1435919701	,	0.1859093673	,	0.2395340751	,	0.3464551512	,	0.1985696643	,	0.1460223478	,	0.1241475164	,	0.1218080291	,	0.3157857839	,	0.1913084828	,	5
0.0227481761	,	-0.5194890373	,	0.0076564416	,	-0.0736630985	,	0.0043328302	,	0.3291331326	,	0.1689861883	,	0.0547075291	,	-0.1300869327	,	-0.0642001252	,	0.1190146766	,	0.1403612949	,	0.1599091519	,	0.2654144957	,	0.1407309393	,	0.1372937148	,	0.0998926754	,	0.0953915584	,	0.2233612915	,	0.1316962749	,	5
0.0441231062	,	-0.516440806	,	0.0319609293	,	-0.083498451	,	0.0997016301	,	0.3266224359	,	0.1853397499	,	0.0649987196	,	-0.1288023892	,	-0.0453591948	,	0.1366723284	,	0.1723959881	,	0.2175469702	,	0.3419661299	,	0.1612205631	,	0.1259814572	,	0.1229052019	,	0.115901381	,	0.2872886213	,	0.1642856243	,	5
0.0628822512	,	-0.5023745647	,	0.004259157	,	-0.1261203802	,	0.2088492739	,	0.276697671	,	0.2364334399	,	0.059605959	,	-0.1169472444	,	-0.0746613211	,	0.1402123132	,	0.1277811384	,	0.180659365	,	0.2504284568	,	0.177480921	,	0.1259424427	,	0.1351202275	,	0.1112942784	,	0.2065672721	,	0.137802225	,	5
0.0267193924	,	-0.521642883	,	-0.002640872	,	-0.0870453214	,	0.0561751662	,	0.3114733142	,	0.1630356124	,	0.0608116024	,	-0.1386823392	,	-0.0567712834	,	0.1269832939	,	0.1405739908	,	0.1837519986	,	0.284410058	,	0.1311414507	,	0.1208644098	,	0.1307407339	,	0.1102427832	,	0.2253007213	,	0.130892098	,	5
0.0564347118	,	-0.5083180947	,	0.0179684071	,	-0.1226302373	,	0.2557675361	,	0.2691455031	,	0.2237623041	,	0.0614485348	,	-0.1176915869	,	-0.0626968734	,	0.15356826	,	0.1724368196	,	0.1974665552	,	0.3081473802	,	0.1459070076	,	0.1358990988	,	0.1194199304	,	0.1326481539	,	0.2839815241	,	0.1571368949	,	5
0.0295440906	,	-0.5083440421	,	-0.0028307386	,	-0.0583967565	,	0.0716831492	,	0.3255441062	,	0.1566407486	,	0.0657458703	,	-0.1067986622	,	-0.0542773372	,	0.1646841932	,	0.1817251903	,	0.2230468525	,	0.3403515985	,	0.1843841395	,	0.1562765271	,	0.1233208349	,	0.1478740408	,	0.3045594345	,	0.1792831332	,	5
0.0470363841	,	-0.5030123869	,	0.0092364165	,	-0.1090110761	,	0.2101631895	,	0.2930540726	,	0.1958741542	,	0.059715474	,	-0.1166416957	,	-0.0568633215	,	0.1689135062	,	0.1796545377	,	0.22278901	,	0.3419294391	,	0.1815868906	,	0.1331159551	,	0.1181173437	,	0.1426735925	,	0.3009184788	,	0.1810648788	,	5
0.0571550465	,	-0.5178403783	,	-0.0146884932	,	-0.1205825036	,	0.2091597545	,	0.2779833271	,	0.2092566129	,	0.0655207117	,	-0.1369377372	,	-0.0795832231	,	0.1199263945	,	0.1178819529	,	0.1601806977	,	0.231499841	,	0.1770733168	,	0.1404911886	,	0.1242788722	,	0.0985883839	,	0.1981251573	,	0.119056423	,	5
0.0386350837	,	-0.5281897396	,	0.0180799764	,	-0.0936354261	,	0.1481014731	,	0.3036987636	,	0.1935795654	,	0.0547851272	,	-0.1422612807	,	-0.0668036571	,	0.1491590432	,	0.1227076794	,	0.1750307673	,	0.2515244779	,	0.1551566749	,	0.1288077697	,	0.1379094059	,	0.1200868911	,	0.1985073774	,	0.133122255	,	5
0.0324709241	,	-0.5089050909	,	0.0179091888	,	-0.0920145342	,	0.0884291047	,	0.3242418468	,	0.1906770594	,	0.0536080205	,	-0.1156252033	,	-0.0512750372	,	0.1420763852	,	0.1661330156	,	0.1816840603	,	0.2847403835	,	0.1730077369	,	0.1847695594	,	0.1585998224	,	0.1163850125	,	0.2737556636	,	0.1420580529	,	5
0.0352419548	,	-0.5075105571	,	0.0012312271	,	-0.0599522733	,	0.0456971838	,	0.348122619	,	0.1735596444	,	0.0633309204	,	-0.0994852048	,	-0.0706606365	,	0.1548218891	,	0.1664296037	,	0.1844704984	,	0.3192328955	,	0.1863093626	,	0.1756995601	,	0.1439163399	,	0.1292800123	,	0.2675781827	,	0.1516380875	,	5
0.0323426052	,	-0.5244698046	,	0.041427047	,	-0.1122058183	,	0.1194361939	,	0.3034624817	,	0.1805723999	,	0.056560537	,	-0.1451866109	,	-0.0334133441	,	0.1748742138	,	0.1936804778	,	0.2629441769	,	0.3411990883	,	0.1868869256	,	0.1522586953	,	0.1507350583	,	0.1566128626	,	0.3187454335	,	0.2037566383	,	5
0.0365704597	,	-0.5076170879	,	0.0208890436	,	-0.1073510964	,	0.2385651344	,	0.2737657581	,	0.1826959209	,	0.060485881	,	-0.1200778534	,	-0.0534318015	,	0.175924978	,	0.194846088	,	0.244096587	,	0.3421859672	,	0.165754067	,	0.1291800251	,	0.1517331807	,	0.1567827314	,	0.3263519523	,	0.2010039736	,	5
0.0542263555	,	-0.5019829312	,	0.0095802823	,	-0.102781744	,	0.1399049399	,	0.2996611104	,	0.1828024101	,	0.0773549487	,	-0.1059395471	,	-0.0585931698	,	0.1527191414	,	0.2243544876	,	0.2577276405	,	0.3444864614	,	0.183184278	,	0.149692063	,	0.1376894611	,	0.1326261718	,	0.3526183313	,	0.2104003362	,	5
0.0097208783	,	-0.5217646766	,	-0.0011881877	,	-0.0678706411	,	0.009775291	,	0.3646222599	,	0.1456805135	,	0.0537378386	,	-0.1356438396	,	-0.0650716397	,	0.1393627066	,	0.1685773377	,	0.2116888357	,	0.3185973401	,	0.1772667221	,	0.1729759156	,	0.1481527302	,	0.1205639095	,	0.2801393256	,	0.1836307366	,	5
0.0274226419	,	-0.5124507271	,	0.0107510687	,	-0.0869073067	,	0.124855772	,	0.2983569215	,	0.1839315943	,	0.0530085472	,	-0.1237617565	,	-0.0533580178	,	0.1320748624	,	0.1611313471	,	0.1926045301	,	0.3061935069	,	0.1713472676	,	0.1373482874	,	0.1354644416	,	0.1213344469	,	0.2676199116	,	0.140145949	,	5
0.0287141928	,	-0.5246001466	,	0.0195663934	,	-0.0951241868	,	0.0355862916	,	0.3355421091	,	0.1854026624	,	0.0530547129	,	-0.1399622705	,	-0.0379565934	,	0.1334557197	,	0.1811111874	,	0.2495212967	,	0.3184369323	,	0.1652173935	,	0.1658898535	,	0.1462711417	,	0.1058933052	,	0.2909383396	,	0.2007550797	,	5
0.0250982222	,	-0.5226511236	,	0.0058079976	,	-0.0762687724	,	0.0500500071	,	0.3277914946	,	0.1588957224	,	0.0614781055	,	-0.1325326236	,	-0.0580372251	,	0.1368074728	,	0.1202102909	,	0.1881737964	,	0.2650956374	,	0.1417359688	,	0.1430817426	,	0.1404232201	,	0.1191839176	,	0.2076810003	,	0.1474979108	,	5
0.0376673957	,	-0.5058719707	,	0.0146225587	,	-0.0960698789	,	0.0628224604	,	0.3167197953	,	0.1625812853	,	0.0718889202	,	-0.0990352207	,	-0.0609157201	,	0.0805906825	,	0.0882035397	,	0.1205749628	,	0.2031785728	,	0.1103305395	,	0.0903586561	,	0.0871909453	,	0.065110192	,	0.1325363158	,	0.0817883315	,	5
0.0277192067	,	-0.5080441305	,	0.014859891	,	-0.0844828828	,	0.0593517609	,	0.3105220065	,	0.0982297535	,	0.09427859	,	-0.1034032565	,	-0.0581238314	,	0.0574268606	,	0.0555106751	,	0.1059660901	,	0.1556180604	,	0.0666929215	,	0.0627825994	,	0.0390762467	,	0.0583846356	,	0.0847859933	,	0.0649610639	,	5
0.0090048152	,	0.1715415239	,	-0.066991609	,	-0.0920006969	,	0.1143115122	,	0.2698910295	,	0.1268398382	,	0.062400884	,	-0.0950033806	,	-0.0634477643	,	0.088366371	,	0.4675690811	,	0.1152985031	,	0.2019553493	,	0.1066105329	,	0.0631102849	,	0.0625249254	,	0.0756402651	,	0.1621430206	,	0.0871091611	,	5
-0.0117923989	,	0.4735581723	,	-0.1297446647	,	-0.0785250868	,	0.1378414565	,	0.2617894669	,	0.0971374668	,	0.0560690315	,	-0.0515280229	,	-0.0612175203	,	0.1421262812	,	0.1964657004	,	0.2510972875	,	0.3783832047	,	0.1902790706	,	0.1302442348	,	0.1370084065	,	0.1199726453	,	0.3178428422	,	0.1945136643	,	5
0.0089923736	,	0.474693093	,	-0.10665034	,	-0.0863808423	,	0.0727763366	,	0.2543156742	,	0.1360532805	,	0.0525267343	,	-0.0678763496	,	-0.0612405675	,	0.1670957267	,	0.1503034709	,	0.1914345944	,	0.3217646997	,	0.1930763227	,	0.139787014	,	0.1497079701	,	0.1447952424	,	0.2370836834	,	0.1323738138	,	5
